Set Me Free,£17.46,Young Adult,In stock (19 available)
The Dirty Little Secrets of Getting Your Dream Job,£33.34,Business,In stock (19 available)
It's Only the Himalayas,£45.17,Travel,In stock (19 available)
A Light in the Attic,£51.77,Poetry,In stock (22 available)
Mesaerion: The Best Science Fiction Stories 1800-1849,£37.59,Science Fiction,In stock (19 available)
Libertarianism for Beginners,£51.33,Politics,In stock (19 available)
Rip it Up and Start Again,£35.02,Music,In stock (19 available)
"Our Band Could Be Your Life: Scenes from the American Indie Underground, 1981-1991",£57.25,Music,In stock (19 available)
The Black Maria,£52.15,Poetry,In stock (19 available)
The Boys in the Boat: Nine Americans and Their Epic Quest for Gold at the 1936 Berlin Olympics,£22.60,Default,In stock (19 available)
Scott Pilgrim's Precious Little Life (Scott Pilgrim #1),£52.29,Sequential Art,In stock (19 available)
Shakespeare's Sonnets,£20.66,Poetry,In stock (19 available)
Sapiens: A Brief History of Humankind,£54.23,History,In stock (20 available)
"The Coming Woman: A Novel Based on the Life of the Infamous Feminist, Victoria Woodhull",£17.93,Default,In stock (19 available)
"Starving Hearts (Triangular Trade Trilogy, #1)",£13.99,Default,In stock (19 available)
Sharp Objects,£47.82,Mystery,In stock (20 available)
The Requiem Red,£22.65,Young Adult,In stock (19 available)
Soumission,£50.10,Fiction,In stock (20 available)
Tipping the Velvet,£53.74,Historical Fiction,In stock (20 available)
